subject_test,split_type,fs_method,model,fs_time,train_time,n_train,n_test
A01,inter_subject,pca_32,nn_erm,0.6168451309204102,1.6368591785430908,4608,576
A02,inter_subject,pca_32,nn_erm,0.6879160404205322,1.4959378242492676,4608,576
A03,inter_subject,pca_32,nn_erm,0.7703301906585693,1.8010070323944092,4608,576
A04,inter_subject,pca_32,nn_erm,0.7318310737609863,1.5753803253173828,4608,576
A05,inter_subject,pca_32,nn_erm,0.7092690467834473,1.6095621585845947,4608,576
A06,inter_subject,pca_32,nn_erm,0.7285029888153076,1.4891047477722168,4608,576
A07,inter_subject,pca_32,nn_erm,1.558042049407959,1.7115859985351562,4608,576
A08,inter_subject,pca_32,nn_erm,0.5463128089904785,1.3454811573028564,4608,576
A09,inter_subject,pca_32,nn_erm,0.6184449195861816,1.4745957851409912,4608,576
